Order_ID,Order_Date,Customer_ID,Product_ID,Quantity,Unit_Price,Discount,Sales,Cost,Profit,Payment_Mode,Ship_Mode,Delivery_Days,Return_Status
O0001,2025-04-11,C046,P011,1,789,0.1,710.1,568.08,142.02,Card,Express,5,No
O0002,2025-08-14,C003,P013,3,579,0.1,1563.3,1250.64,312.66,Cash,Standard,1,Yes
O0003,2025-02-23,C011,P009,3,90,0.05,256.5,194.4,62.1,UPI,Standard,7,No
O0004,2025-12-13,C034,P013,2,599,0.15 ,1018.3,862.56,155.74,Cash,Express,1,No
O0005,2025-01-30,C024,P014,1,325,0,325.0,234.0,91.0,Cash,Standard,7,No
O0006,2025-02-12,C078,P028,2,118,0.1,212.4,169.92,42.48,Card,Express,1,No
O0007,2025-10-11,C054,P030,3,686,0.05,1955.1,1481.76,473.34,Card,Standard,1,Yes
O0008,2025-05-15,C007,P006,2,369,0.1,664.2,531.36,132.84,Cash,Standard,3,No
O0009,2025-09-14,C023,P009,3,872,0,2616.0,1883.52,732.48,UPI,Standard,1,Yes
O0010,2025-09-16,C071,P007,5,536,0.05,2546.0,1929.6,616.4,UPI,Standard,6,No
O0011,2025-12-03,C064,P018,4,568,0.1,2044.8,1635.84,408.96,Cash,Standard,2,No
O0012,2025-04-12,C018,P013,3,105,0.05,299.25,226.8,72.45,Card,Standard,6,No
O0013,2025-08-09,C021,P002,1,731,0.15 ,621.35,526.32,95.03,Cash,Express,5,Yes
O0014,2025-12-21,C038,P002,4,239,0.05,908.2,688.32,219.88,UPI,Express,1,No
O0015,2025-07-06,C043,P018,3,300,0,900.0,648.0,252.0,UPI,Standard,3,Yes
O0016,2025-01-01,C043,P013,1,536,0.1,482.4,385.92,96.48,Cash,Standard,2,Yes
O0017,2025-02-16,C034,P027,1,197,0.15 ,167.45,141.84,25.61,Cash,Standard,4,Yes
O0018,2025-06-03,C039,P021,2,136,0.05,258.4,195.84,62.56,Cash,Express,7,No
O0019,2025-09-11,C020,P010,5,708,0.05,3363.0,2548.8,814.2,Card,Express,6,Yes
O0020,2025-09-26,C065,P019,1,896,0.05,851.2,645.12,206.08,Card,Standard,1,Yes
O0021,2025-11-23,C047,P005,1,435,0.15 ,369.75,313.2,56.55,Cash,Standard,6,Yes
O0022,2025-11-17,C069,P022,2,551,0.1,991.8,793.44,198.36,Card,Express,7,Yes
O0023,2025-09-15,C069,P003,5,117,0.15 ,497.25,421.2,76.05,UPI,Standard,7,No
O0024,2025-05-01,C027,P008,4,555,0.15 ,1887.0,1598.4,288.6,Card,Express,6,No
O0025,2025-01-24,C079,P021,2,129,0.05,245.1,185.76,59.34, Card ,Express,6,No
O0026,2025-11-15,C073,P005,1,543,0,543.0,390.96,152.04,UPI,Express,6,Yes
O0027,2025-12-21,C028,P022,4,347,0.1,1249.2,999.36,249.84,UPI,Express,4,Yes
O0028,2025-10-09,C026,P010,1,534,0,534.0,384.48,149.52,UPI,Express,1,No
O0029,2025-05-18,C050,P007,2,126,0,252.0,181.44,70.56,Card,Express,3,Yes
O0030,2025-11-05,C010,P017,3,958,0,2874.0,2069.28,804.72,Cash,standard,2,No
O0031,2025-09-06,C051,P001,2,53,0.15 ,90.1,76.32,13.78,Cash,Express,4,No
O0032,2025-03-14,C054,P012,4,373,0,1492.0,1074.24,417.76,UPI,Standard,3,No
O0033,2025-07-23,C016,P005,2,780,0,1560.0,1123.2,436.8,Cash,Express,3,No
O0034,2025-02-03,C051,P013,5,128,0.1,576.0,460.8,115.2,UPI,Express,7,Yes
O0035,2025-05-24,C014,P002,3,700,0.05,1995.0,1512.0,483.0,Card,Express,4,No
O0036,2025-04-08,C048,P026,4,955,0,3820.0,2750.4,1069.6,Cash,Express,5,Yes
O0037,2025-02-11,C007,P030,4,511,0.05,1941.8,1471.68,,Cash,Express,4,Yes
O0038,2025-10-09,C017,P006,4,474,0.1,1706.4,1365.12,341.28,UPI,Express,3,No
O0039,2025-07-27,C031,P010,4,620,0.15 ,2108.0,1785.6,322.4,Card,Standard,6,Yes
O0040,08/02/2025,C027,P017,4,613,0.05,2329.4,1765.44,563.96,UPI,Express,7,No
O0041,2025-08-07,C018,P018,2,299,0,598.0,430.56,-43.19,Cash,Standard,3,Yes
O0042,2025-07-08,C034,P026,5,256,0,1280.0,921.6,358.4,Cash,Express,4,No
O0043,2025-09-26,C027,P013,3,396,0,1188.0,855.36,332.64,UPI,Express,5,No
O0044,2025-03-06,C065,P017,2,144,0.1,259.2,207.36,51.84,Card,Express,4,No
O0045,2025-08-10,C040,P028,1,180,0,180.0,129.6,50.4,UPI,Express,5,No
O0046,2025-01-01,C010,P013,5,925,0.15 ,3931.25,3330.0,601.25,UPI,Standard,7,Yes
O0047,2025-04-25,C020,P005,5,748,0,3740.0,2692.8,1047.2,Cash,Express,1,Yes
O0048,2025-01-01,C017,P008,5,991,0,4955.0,3567.6,1387.4,Cash,Express,2,No
O0049,2025-09-28,C056,P023,1,151,0,151.0,108.72,42.28,UPI,Standard,4,No
O0050,2025-04-25,C077,P001,1,600,0.1,540.0,432.0,108.0, Card ,Express,3,Yes
O0051,2025-09-01,C068,P008,5,302,0,1510.0,1087.2,422.8,UPI,Express,1,Yes
O0052,2025-04-10,C064,P029,4,133,0.1,478.8,383.04,95.76,Card,Express,3,Yes
O0053,2025-09-10,C005,P023,3,785,0.15 ,2001.75,1695.6,306.15,UPI,Express,2,Yes
O0054,2025-05-30,C065,P003,2,557,0.05,1058.3,802.08,256.22,UPI,Standard,2,No
O0055,2025-04-24,C034,P025,3,161,0.15 ,410.55,347.76,62.79,Cash,Standard,2,No
O0056,2025-08-02,C008,P005,5,199,0.15 ,845.75,716.4,129.35,Card,Standard,1,Yes
O0057,2025-08-01,C007,P023,1,238,0.15 ,202.3,171.36,30.94,UPI,Express,6,Yes
O0058,2025-02-10,C022,P011,2,239,0.15 ,406.3,344.16,62.14,Card,Express,6,No
O0059,2025-07-11,C043,P015,2,161,0,322.0,231.84,90.16,Card,Express,1,No
O0060,2025-08-04,C016,P018,2,439,0.1,790.2,632.16,158.04,UPI,standard,1,Yes
O0061,2025-12-28,C061,P007,3,604,0.15 ,1540.2,1304.64,235.56,Card,Express,3,No
O0062,2025-01-16,C010,P014,2,881,0.15 ,1497.7,1268.64,229.06,Card,Express,1,No
O0063,2025-02-02,C008,P009,2,815,0,1630.0,1173.6,456.4,Cash,Express,3,No
O0064,2025-06-21,C079,P002,3,814,0.1,2197.8,1758.24,439.56,UPI,Express,1,Yes
O0065,2025-01-13,C030,P004,4,782,0.15 ,2658.8,2252.16,406.64,UPI,Express,4,No
O0066,2025-03-09,C064,P006,1,871,0.1,783.9,627.12,156.78,Cash,Standard,5,Yes
O0067,2025-06-17,C041,P015,3,852,0,2556.0,1840.32,715.68,Cash,Standard,4,Yes
O0068,2025-05-07,C053,P003,1,543,0.1,488.7,390.96,97.74,Card,Express,1,Yes
O0069,2025-05-16,C080,P003,2,148,0.15 ,251.6,213.12,38.48,UPI,Express,2,Yes
O0070,2025-03-10,C054,P015,5,962,0.05,4569.5,3463.2,1106.3,Cash,Standard,7,No
O0071,2025-05-31,C036,P019,3,431,0.1,1163.7,930.96,232.74,Cash,Express,2,No
O0072,2025-05-07,C024,P008,2,207,0.1,372.6,298.08,74.52,Cash,Standard,3,Yes
O0073,2025-07-22,C033,P008,5,588,0.05,2793.0,2116.8,676.2,Cash,Standard,6,No
O0074,2025-01-19,C014,P001,4,954,0.05,3625.2,2747.52,,UPI,Express,1,No
O0075,2025-04-30,C016,P002,2,664,0.05,1261.6,956.16,305.44, Card ,Express,5,Yes
O0076,2025-08-18,C078,P009,1,158,0.1,142.2,113.76,28.44,Card,Standard,3,No
O0077,2025-03-14,C006,P007,3,89,0.05,253.65,192.24,61.41,Card,Express,4,No
O0078,2025-04-05,C080,P010,1,258,0,258.0,185.76,72.24,UPI,Express,1,No
O0079,2025-02-21,C051,P022,5,208,0,1040.0,748.8,291.2,Cash,Standard,4,No
O0080,29/07/2025,C037,P022,3,477,0,1431.0,1030.32,400.68,UPI,Express,4,No
O0081,2025-01-10,C047,P021,2,450,0.15 ,765.0,648.0,117.0,Card,Standard,4,Yes
O0082,2025-08-05,C015,P027,1,465,0.1,418.5,334.8,-97.57,Card,Standard,1,Yes
O0083,2025-10-10,C019,P021,4,141,0.1,507.6,406.08,101.52,Cash,Standard,2,No
O0084,2025-05-26,C021,P017,2,997,0,1994.0,1435.68,558.32,Card,Express,4,Yes
O0085,2025-06-04,C017,P027,1,984,0.15 ,836.4,708.48,127.92,UPI,Standard,5,No
O0086,2025-02-14,C080,P023,2,705,0.05,1339.5,1015.2,324.3,Cash,Express,5,Yes
O0087,2025-08-31,C024,P019,2,92,0.15 ,156.4,132.48,23.92,Cash,Standard,4,No
O0088,2025-03-05,C020,P008,2,92,0,184.0,132.48,51.52,Cash,Express,1,No
O0089,2025-11-03,C059,P018,3,714,0.15 ,1820.7,1542.24,278.46,UPI,Standard,4,No
O0090,2025-12-04,C048,P015,5,498,0.05,2365.5,1792.8,572.7,Card,standard,5,No
O0091,2025-08-27,C031,P015,5,848,0.15 ,3604.0,3052.8,551.2,Card,Express,4,Yes
O0092,2025-02-04,C017,P012,4,424,0,1696.0,1221.12,474.88,UPI,Standard,1,Yes
O0093,2025-02-12,C041,P025,5,131,0,655.0,471.6,183.4,Cash,Express,6,Yes
O0094,2025-01-14,C009,P020,1,248,0.05,235.6,178.56,57.04,UPI,Express,7,Yes
O0095,2025-12-18,C029,P003,3,675,0.1,1822.5,1458.0,364.5,Card,Express,5,No
O0096,2025-08-22,C019,P009,5,991,0.15 ,4211.75,3567.6,644.15,Card,Express,5,Yes
O0097,2025-06-13,C048,P002,2,236,0.15 ,401.2,339.84,61.36,Card,Express,6,No
O0098,2025-07-12,C022,P026,3,167,0,501.0,360.72,140.28,Cash,Express,7,No
O0099,2025-10-12,C067,P019,1,308,0.15 ,261.8,221.76,40.04,Cash,Express,3,No
O0100,2025-07-08,C074,P005,3,388,0,1164.0,838.08,325.92, Card ,Standard,2,Yes
O0101,2025-06-01,C067,P009,3,704,0.1,1900.8,1520.64,380.16,Cash,Standard,6,Yes
O0102,2025-04-24,C020,P010,5,690,0.15 ,2932.5,2484.0,448.5,UPI,Express,1,Yes
O0103,2025-09-08,C030,P020,1,72,0,72.0,51.84,20.16,Card,Express,3,Yes
O0104,2025-09-25,C046,P018,2,473,0.1,851.4,681.12,170.28,Cash,Standard,2,No
O0105,2025-11-16,C061,P006,2,64,0.05,121.6,92.16,29.44,Cash,Standard,4,Yes
O0106,2025-02-02,C019,P028,3,461,0.1,1244.7,995.76,248.94,Card,Standard,6,No
O0107,2025-11-01,C075,P015,5,580,0.15 ,2465.0,2088.0,377.0,Card,Standard,1,Yes
O0108,2025-02-01,C069,P001,4,240,0.05,912.0,691.2,220.8,Card,Standard,7,Yes
O0109,2025-01-07,C079,P018,2,195,0.15 ,331.5,280.8,50.7,Card,Express,7,Yes
O0110,2025-09-18,C040,P003,3,690,0,2070.0,1490.4,579.6,Cash,Express,6,Yes
O0111,2025-07-12,C056,P024,4,132,0.15 ,448.8,380.16,,Card,Standard,1,No
O0112,2025-04-29,C005,P004,3,962,0.1,2597.4,2077.92,519.48,Cash,Standard,3,No
O0113,2025-12-18,C067,P009,3,707,0.05,2014.95,1527.12,487.83,Card,Standard,2,No
O0114,2025-05-01,C026,P005,2,814,0.1,1465.2,1172.16,293.04,Card,Express,3,Yes
O0115,2025-07-14,C010,P030,5,530,0.15 ,2252.5,1908.0,344.5,Cash,Standard,7,Yes
O0116,2025-08-12,C030,P019,3,858,0.05,2445.3,1853.28,592.02,UPI,Standard,5,Yes
O0117,2025-03-16,C005,P001,1,159,0.05,151.05,114.48,36.57,UPI,Standard,6,Yes
O0118,2025-01-16,C006,P005,1,763,0,763.0,549.36,213.64,Cash,Standard,1,No
O0119,2025-04-13,C069,P029,1,950,0.15 ,807.5,684.0,123.5,Card,Standard,2,Yes
O0120,27/02/2025,C005,P002,1,894,0.1,804.6,643.68,160.92,UPI,standard,2,Yes
O0121,2025-11-27,C027,P010,3,394,0.15 ,1004.7,851.04,153.66,UPI,Standard,3,No
O0122,2025-05-25,C007,P023,3,982,0.1,2651.4,2121.12,530.28,Cash,Express,7,No
O0123,2025-11-13,C004,P026,4,81,0.15 ,275.4,233.28,-108.54,Card,Express,4,Yes
O0124,2025-10-03,C073,P007,1,638,0.1,574.2,459.36,114.84,Card,Express,1,Yes
O0125,2025-05-28,C007,P001,3,552,0,1656.0,1192.32,463.68, Card ,Standard,4,No
O0126,2025-09-21,C034,P019,2,340,0.05,646.0,489.6,156.4,Cash,Standard,4,Yes
O0127,2025-02-26,C011,P016,5,855,0,4275.0,3078.0,1197.0,Cash,Express,3,Yes
O0128,2025-07-25,C051,P029,1,482,0,482.0,347.04,134.96,UPI,Standard,3,No
O0129,2025-08-08,C070,P017,2,438,0.05,832.2,630.72,201.48,UPI,Standard,5,Yes
O0130,2025-06-28,C075,P011,5,209,0.15 ,888.25,752.4,135.85,Cash,Express,2,No
O0131,2025-08-13,C033,P019,2,179,0.1,322.2,257.76,64.44,UPI,Standard,5,Yes
O0132,2025-05-17,C039,P025,5,208,0.05,988.0,748.8,239.2,Card,Express,5,No
O0133,2025-03-24,C031,P011,2,314,0,628.0,452.16,175.84,Card,Standard,2,No
O0134,2025-03-19,C019,P026,3,800,0.1,2160.0,1728.0,432.0,UPI,Express,2,Yes
O0135,2025-11-23,C014,P009,2,956,0.15 ,1625.2,1376.64,248.56,UPI,Standard,1,No
O0136,2025-08-12,C029,P017,3,524,0,1572.0,1131.84,440.16,Card,Express,5,No
O0137,2025-01-03,C032,P030,4,767,0.15 ,2607.8,2208.96,398.84,Card,Standard,6,Yes
O0138,2025-11-25,C016,P015,4,370,0.1,1332.0,1065.6,266.4,Cash,Standard,4,Yes
O0139,2025-07-24,C010,P006,3,919,0.15 ,2343.45,1985.04,358.41,UPI,Express,1,No
O0140,2025-09-23,C024,P029,3,846,0,2538.0,1827.36,710.64,UPI,Express,1,Yes
O0141,2025-05-09,C070,P007,2,783,0.05,1487.7,1127.52,360.18,Cash,Express,1,No
O0142,2025-10-05,C027,P023,4,574,0,2296.0,1653.12,642.88,Cash,Express,5,No
O0143,2025-07-30,C059,P007,2,451,0,902.0,649.44,252.56,Cash,Express,6,Yes
O0144,2025-05-10,C036,P013,4,112,0,448.0,322.56,125.44,Card,Express,4,No
O0145,2025-10-25,C034,P004,2,360,0.15 ,612.0,518.4,93.6,Cash,Standard,7,No
O0146,2025-08-25,C028,P006,2,845,0,1690.0,1216.8,473.2,Cash,Standard,4,Yes
O0147,2025-03-16,C046,P022,4,529,0.1,1904.4,1523.52,380.88,Cash,Standard,7,No
O0148,2025-07-01,C030,P009,4,753,0.1,2710.8,2168.64,,UPI,Standard,4,Yes
O0149,2025-05-24,C046,P008,3,378,0.15 ,963.9,816.48,147.42,UPI,Express,5,Yes
O0150,2025-12-04,C047,P005,3,924,0.15 ,2356.2,1995.84,360.36, Card ,standard,7,No
O0151,2025-03-13,C068,P027,3,698,0,2094.0,1507.68,586.32,Cash,Standard,2,Yes
O0152,2025-12-02,C038,P009,5,153,0.05,726.75,550.8,175.95,Card,Standard,7,No
O0153,2025-06-27,C020,P007,4,860,0.05,3268.0,2476.8,791.2,Cash,Standard,6,No
O0154,2025-04-12,C064,P023,2,593,0,1186.0,853.92,332.08,Cash,Express,6,Yes
O0155,2025-10-12,C016,P009,4,289,0.05,1098.2,832.32,265.88,UPI,Express,5,Yes
O0156,2025-09-05,C060,P029,2,767,0.15 ,1303.9,1104.48,199.42,Card,Express,2,Yes
O0157,2025-03-24,C042,P015,5,559,0.1,2515.5,2012.4,503.1,UPI,Express,4,No
O0158,2025-12-13,C010,P006,3,701,0,2103.0,1514.16,588.84,Card,Standard,6,No
O0159,2025-02-18,C066,P016,4,825,0.05,3135.0,2376.0,759.0,Card,Standard,6,No
O0160,17/11/2025,C017,P011,1,932,0.1,838.8,671.04,167.76,UPI,Express,7,Yes
O0161,2025-05-26,C056,P011,4,307,0,1228.0,884.16,343.84,UPI,Express,3,No
O0162,2025-07-26,C043,P017,3,943,0.1,2546.1,2036.88,509.22,Card,Express,7,Yes
O0163,2025-06-19,C025,P011,3,180,0,540.0,388.8,151.2,Card,Express,6,No
O0164,2025-10-07,C074,P002,4,357,0,1428.0,1028.16,-11.18,Card,Express,5,Yes
O0165,2025-09-14,C070,P020,4,681,0.05,2587.8,1961.28,626.52,Cash,Standard,2,Yes
O0166,2025-12-08,C059,P021,2,153,0.05,290.7,220.32,70.38,Card,Express,7,Yes
O0167,2025-12-02,C002,P012,2,855,0.1,1539.0,1231.2,307.8,Cash,Express,7,No
O0168,2025-04-05,C054,P002,3,70,0.15 ,178.5,151.2,27.3,Cash,Standard,4,Yes
O0169,2025-03-02,C054,P019,4,507,0,2028.0,1460.16,567.84,Card,Express,5,Yes
O0170,2025-09-01,C053,P018,1,134,0.15 ,113.9,96.48,17.42,Card,Standard,6,Yes
O0171,2025-08-07,C001,P001,1,929,0,929.0,668.88,260.12,Card,Standard,2,No
O0172,2025-01-10,C036,P024,5,298,0.15 ,1266.5,1072.8,193.7,Cash,Standard,1,No
O0173,2025-12-22,C019,P024,1,350,0.15 ,297.5,252.0,45.5,UPI,Express,1,Yes
O0174,2025-01-06,C008,P001,5,131,0.15 ,556.75,471.6,85.15,UPI,Express,6,Yes
O0175,2025-09-07,C078,P002,3,426,0.15 ,1086.3,920.16,166.14, Card ,Standard,2,Yes
O0176,2025-07-05,C021,P021,4,538,0.15 ,1829.2,1549.44,279.76,UPI,Express,7,No
O0177,2025-05-30,C036,P002,5,716,0.1,3222.0,2577.6,644.4,Cash,Standard,7,Yes
O0178,2025-11-04,C040,P019,4,959,0.05,3644.2,2761.92,882.28,UPI,Express,6,No
O0179,2025-11-05,C030,P026,4,340,0,1360.0,979.2,380.8,UPI,Express,3,No
O0180,2025-03-22,C076,P030,1,345,0.05,327.75,248.4,79.35,Cash,standard,3,No
O0181,2025-06-27,C069,P003,5,616,0.15 ,2618.0,2217.6,400.4,UPI,Standard,7,Yes
O0182,2025-06-08,C078,P002,4,526,0.05,1998.8,1514.88,483.92,UPI,Standard,7,No
O0183,2025-08-24,C070,P003,5,875,0.1,3937.5,3150.0,787.5,Card,Standard,4,No
O0184,2025-09-25,C042,P016,5,653,0.05,3101.75,2350.8,750.95,Card,Standard,2,Yes
O0185,2025-04-03,C038,P012,5,627,0.1,2821.5,2257.2,,UPI,Standard,2,Yes
O0186,2025-09-10,C048,P028,1,430,0.15 ,365.5,309.6,55.9,Card,Standard,3,Yes
O0187,2025-06-26,C036,P017,5,71,0,355.0,255.6,99.4,Card,Standard,7,No
O0188,2025-10-28,C073,P007,3,997,0.1,2691.9,2153.52,538.38,UPI,Standard,4,Yes
O0189,2025-05-11,C005,P011,2,235,0.15 ,399.5,338.4,61.1,Card,Standard,1,Yes
O0190,2025-10-13,C048,P028,4,548,0,2192.0,1578.24,613.76,Cash,Express,1,Yes
O0191,2025-05-12,C041,P019,2,706,0,1412.0,1016.64,395.36,Cash,Express,2,No
O0192,2025-03-23,C048,P005,2,788,0.05,1497.2,1134.72,362.48,Card,Standard,3,No
O0193,2025-01-31,C071,P029,1,907,0,907.0,653.04,253.96,UPI,Express,1,Yes
O0194,2025-03-16,C041,P025,1,253,0.1,227.7,182.16,45.54,Cash,Express,7,Yes
O0195,2025-08-30,C042,P012,3,449,0,1347.0,969.84,377.16,UPI,Express,4,Yes
O0196,2025-08-14,C031,P026,2,986,0,1972.0,1419.84,552.16,UPI,Standard,7,Yes
O0197,2025-03-22,C029,P003,5,937,0.1,4216.5,3373.2,843.3,Cash,Standard,7,No
O0198,2025-02-19,C050,P027,1,693,0,693.0,498.96,194.04,UPI,Express,3,Yes
O0199,2025-09-02,C015,P021,3,196,0.1,529.2,423.36,105.84,Card,Standard,2,No
O0200,11/10/2025,C019,P015,2,322,0.15 ,547.4,463.68,83.72, Card ,Standard,2,Yes
O0201,2025-05-19,C074,P027,3,392,0.05,1117.2,846.72,270.48,UPI,Express,1,No
O0202,2025-08-22,C062,P004,2,575,0,1150.0,828.0,322.0,Cash,Standard,5,No
O0203,2025-05-27,C016,P009,2,423,0.15 ,719.1,609.12,109.98,UPI,Standard,2,Yes
O0204,2025-07-19,C038,P014,2,108,0.1,194.4,155.52,38.88,Card,Standard,4,No
O0205,2025-09-19,C018,P015,1,858,0.1,772.2,617.76,-45.31,UPI,Standard,4,Yes
O0206,2025-05-22,C074,P006,2,913,0.05,1734.7,1314.72,419.98,Cash,Standard,6,Yes
O0207,2025-04-11,C077,P003,1,960,0.15 ,816.0,691.2,124.8,UPI,Standard,2,Yes
O0208,2025-11-10,C010,P026,2,646,0.1,1162.8,930.24,232.56,Card,Standard,1,No
O0209,2025-01-29,C067,P026,3,393,0.1,1061.1,848.88,212.22,Cash,Express,1,Yes
O0210,2025-07-29,C062,P005,3,304,0.05,866.4,656.64,209.76,Cash,standard,1,Yes
O0211,2025-12-26,C048,P019,5,928,0,4640.0,3340.8,1299.2,UPI,Express,5,Yes
O0212,2025-03-03,C046,P023,2,886,0.1,1594.8,1275.84,318.96,Cash,Express,5,Yes
O0213,2025-05-30,C014,P005,4,507,0,2028.0,1460.16,567.84,Cash,Standard,1,Yes
O0214,2025-02-15,C029,P020,2,221,0,442.0,318.24,123.76,UPI,Express,5,Yes
O0215,2025-01-10,C013,P030,2,317,0,634.0,456.48,177.52,Cash,Express,5,Yes
O0216,2025-12-26,C057,P004,3,940,0,2820.0,2030.4,789.6,Cash,Standard,1,No
O0217,2025-03-05,C060,P016,5,562,0.1,2529.0,2023.2,505.8,Card,Standard,1,No
O0218,2025-03-12,C070,P019,2,931,0.05,1768.9,1340.64,428.26,Card,Express,6,No
O0219,2025-03-26,C003,P005,4,760,0.15 ,2584.0,2188.8,395.2,Cash,Standard,4,Yes
O0220,2025-07-05,C044,P013,2,908,0.1,1634.4,1307.52,326.88,Cash,Express,7,No
O0221,2025-07-25,C072,P002,3,579,0.05,1650.15,1250.64,399.51,Cash,Express,2,No
O0222,2025-12-06,C010,P001,3,161,0.05,458.85,347.76,,Card,Express,4,Yes
O0223,2025-09-16,C003,P008,2,480,0.15 ,816.0,691.2,124.8,UPI,Standard,7,Yes
O0224,2025-01-18,C080,P009,5,329,0,1645.0,1184.4,460.6,Cash,Standard,3,Yes
O0225,2025-09-24,C002,P014,2,90,0.1,162.0,129.6,32.4, Card ,Express,3,Yes
O0226,2025-03-03,C008,P020,5,973,0.1,4378.5,3502.8,875.7,Card,Express,5,Yes
O0227,2025-08-14,C016,P017,2,956,0.1,1720.8,1376.64,344.16,UPI,Express,3,Yes
O0228,2025-02-14,C070,P010,4,674,0.05,2561.2,1941.12,620.08,Cash,Express,2,No
O0229,2025-08-24,C071,P010,5,539,0.15 ,2290.75,1940.4,350.35,UPI,Standard,2,No
O0230,2025-04-24,C025,P017,5,442,0.15 ,1878.5,1591.2,287.3,Card,Express,2,Yes
O0231,2025-06-15,C072,P011,4,326,0.1,1173.6,938.88,234.72,Card,Express,1,Yes
O0232,2025-03-23,C071,P003,5,942,0.1,4239.0,3391.2,847.8,UPI,Standard,5,No
O0233,2025-08-14,C046,P024,1,583,0.05,553.85,419.76,134.09,Cash,Standard,4,No
O0234,2025-12-09,C046,P005,2,681,0.1,1225.8,980.64,245.16,Cash,Standard,6,No
O0235,2025-05-18,C010,P023,2,472,0,944.0,679.68,264.32,Card,Express,7,Yes
O0236,2025-09-12,C051,P005,5,203,0.15 ,862.75,730.8,131.95,UPI,Standard,4,No
O0237,2025-12-21,C059,P010,3,349,0.1,942.3,753.84,188.46,UPI,Express,6,No
O0238,2025-01-04,C064,P013,4,357,0.05,1356.6,1028.16,328.44,Cash,Express,7,Yes
O0239,2025-08-12,C074,P013,5,287,0,1435.0,1033.2,401.8,UPI,Express,7,Yes
O0240,16/06/2025,C027,P014,1,76,0,76.0,54.72,21.28,UPI,standard,3,No
O0241,2025-10-03,C080,P014,5,895,0.15 ,3803.75,3222.0,581.75,UPI,Express,3,Yes
O0242,2025-11-01,C045,P015,1,742,0,742.0,534.24,207.76,Cash,Standard,1,No
O0243,2025-07-11,C065,P013,5,1000,0.05,4750.0,3600.0,1150.0,Card,Express,4,No
O0244,2025-08-14,C080,P029,5,401,0,2005.0,1443.6,561.4,Card,Express,3,No
O0245,2025-02-08,C040,P017,2,163,0.1,293.4,234.72,58.68,Cash,Express,7,No
O0246,2025-11-20,C021,P017,3,885,0.05,2522.25,1911.6,-105.93,Card,Express,2,Yes
O0247,2025-11-19,C073,P020,1,411,0,411.0,295.92,115.08,Cash,Express,1,Yes
O0248,2025-06-07,C071,P001,3,457,0,1371.0,987.12,383.88,Cash,Standard,6,Yes
O0249,2025-04-11,C023,P016,5,630,0.1,2835.0,2268.0,567.0,Cash,Standard,5,Yes
O0250,2025-07-30,C078,P004,2,210,0,420.0,302.4,117.6, Card ,Standard,1,Yes
O0251,2025-09-25,C063,P027,4,677,0.15 ,2301.8,1949.76,352.04,Card,Standard,6,No
O0252,2025-03-15,C031,P012,3,223,0,669.0,481.68,187.32,UPI,Standard,7,Yes
O0253,2025-06-28,C025,P015,5,444,0,2220.0,1598.4,621.6,Card,Standard,4,Yes
O0254,2025-08-14,C007,P020,2,305,0.05,579.5,439.2,140.3,Card,Standard,5,Yes
O0255,2025-06-11,C001,P029,4,360,0.15 ,1224.0,1036.8,187.2,Cash,Express,4,Yes
O0256,2025-05-05,C050,P022,5,276,0.15 ,1173.0,993.6,179.4,UPI,Express,6,No
O0257,2025-01-12,C032,P003,2,224,0.1,403.2,322.56,80.64,UPI,Standard,1,No
O0258,2025-07-22,C072,P012,1,393,0.15 ,334.05,282.96,51.09,UPI,Express,6,Yes
O0259,2025-03-05,C055,P027,3,617,0.05,1758.45,1332.72,,UPI,Standard,4,No
O0260,2025-06-26,C031,P014,1,335,0,335.0,241.2,93.8,UPI,Standard,2,Yes
O0261,2025-02-17,C026,P009,5,905,0.05,4298.75,3258.0,1040.75,Cash,Express,4,Yes
O0262,2025-03-23,C048,P012,2,789,0.15 ,1341.3,1136.16,205.14,UPI,Standard,3,No
O0263,2025-09-16,C027,P008,4,741,0.05,2815.8,2134.08,681.72,Cash,Express,5,No
O0264,2025-10-28,C048,P018,2,463,0.05,879.7,666.72,212.98,Card,Standard,6,Yes
O0265,2025-10-05,C035,P024,4,79,0.05,300.2,227.52,72.68,UPI,Standard,4,Yes
O0266,2025-12-22,C023,P025,2,378,0.05,718.2,544.32,173.88,Cash,Standard,1,No
O0267,2025-09-14,C039,P007,1,785,0.1,706.5,565.2,141.3,Card,Standard,3,Yes
O0268,2025-07-24,C037,P012,4,914,0.15 ,3107.6,2632.32,475.28,Cash,Standard,3,Yes
O0269,2025-01-16,C047,P022,3,968,0.15 ,2468.4,2090.88,377.52,Card,Express,2,No
O0270,2025-06-30,C010,P004,2,348,0,696.0,501.12,194.88,UPI,standard,6,Yes
O0271,2025-07-27,C006,P020,2,491,0.05,932.9,707.04,225.86,UPI,Standard,4,Yes
O0272,2025-10-10,C040,P021,2,628,0.05,1193.2,904.32,288.88,Cash,Express,6,No
O0273,2025-08-11,C074,P012,1,164,0.1,147.6,118.08,29.52,Card,Standard,2,Yes
O0274,2025-01-20,C041,P007,3,817,0,2451.0,1764.72,686.28,UPI,Express,6,Yes
O0275,2025-05-24,C068,P003,3,484,0.15 ,1234.2,1045.44,188.76, Card ,Express,5,Yes
O0276,2025-12-13,C027,P014,5,916,0.05,4351.0,3297.6,1053.4,UPI,Standard,1,No
O0277,2025-03-31,C070,P006,2,606,0.1,1090.8,872.64,218.16,Card,Standard,2,No
O0278,2025-06-27,C053,P003,2,701,0.1,1261.8,1009.44,252.36,Card,Standard,6,No
O0279,2025-12-10,C062,P008,2,56,0.15 ,95.2,80.64,14.56,Card,Express,6,No
O0280,10/03/2025,C019,P019,5,296,0.1,1332.0,1065.6,266.4,Cash,Standard,5,No
O0281,2025-03-28,C020,P020,4,909,0.15 ,3090.6,2617.92,472.68,Card,Standard,6,No
O0282,2025-01-07,C047,P016,2,94,0,188.0,135.36,52.64,UPI,Express,2,Yes
O0283,2025-12-26,C040,P015,1,215,0.1,193.5,154.8,38.7,UPI,Express,5,No
O0284,2025-05-29,C022,P018,1,96,0,96.0,69.12,26.88,UPI,Express,1,No
O0285,2025-10-16,C034,P004,4,494,0.15 ,1679.6,1422.72,256.88,Card,Express,1,No
O0286,2025-02-16,C037,P021,5,798,0.1,3591.0,2872.8,718.2,Cash,Standard,1,Yes
O0287,2025-01-15,C004,P025,4,909,0.05,3454.2,2617.92,-66.3,Card,Standard,1,No
O0288,2025-11-12,C042,P013,2,712,0.1,1281.6,1025.28,256.32,UPI,Standard,3,Yes
O0289,2025-10-10,C048,P027,3,295,0,885.0,637.2,247.8,Card,Standard,5,No
O0290,2025-01-26,C028,P016,4,561,0.05,2131.8,1615.68,516.12,UPI,Standard,2,Yes
O0291,2025-03-25,C018,P015,4,141,0,564.0,406.08,157.92,UPI,Express,2,Yes
O0292,2025-07-10,C001,P002,5,925,0.15 ,3931.25,3330.0,601.25,Card,Express,1,Yes
O0293,2025-09-21,C054,P029,3,114,0.15 ,290.7,246.24,44.46,Card,Standard,6,Yes
O0294,2025-07-13,C038,P001,4,873,0.1,3142.8,2514.24,628.56,Cash,Standard,4,Yes
O0295,2025-10-05,C042,P017,4,488,0.05,1854.4,1405.44,448.96,UPI,Standard,7,Yes
O0296,2025-12-13,C043,P020,3,628,0.15 ,1601.4,1356.48,,UPI,Express,6,Yes
O0297,2025-06-03,C044,P017,1,918,0.05,872.1,660.96,211.14,Card,Express,6,Yes
O0298,2025-03-17,C075,P012,5,644,0.15 ,2737.0,2318.4,418.6,UPI,Standard,5,No
O0299,2025-07-22,C034,P004,2,234,0.05,444.6,336.96,107.64,Cash,Standard,2,No
O0300,2025-11-29,C013,P007,5,736,0.1,3312.0,2649.6,662.4, Card ,standard,2,No
O0301,2025-04-26,C070,P019,1,803,0,803.0,578.16,224.84,UPI,Standard,7,No
O0302,2025-03-10,C065,P018,5,781,0,3905.0,2811.6,1093.4,Cash,Standard,4,No
O0303,2025-10-06,C022,P005,2,626,0.15 ,1064.2,901.44,162.76,Card,Standard,3,Yes
O0304,2025-07-27,C031,P002,3,92,0,276.0,198.72,77.28,Cash,Standard,4,No
O0305,2025-03-03,C018,P014,1,686,0.05,651.7,493.92,157.78,Cash,Standard,6,No
O0306,2025-03-28,C047,P024,3,873,0,2619.0,1885.68,733.32,UPI,Standard,2,No
O0307,2025-09-20,C068,P005,3,789,0.15 ,2011.95,1704.24,307.71,Card,Express,1,No
O0308,2025-10-09,C042,P026,5,165,0,825.0,594.0,231.0,Cash,Standard,3,No
O0309,2025-04-09,C058,P001,5,500,0,2500.0,1800.0,700.0,Card,Express,1,Yes
O0310,2025-05-13,C024,P005,5,346,0.15 ,1470.5,1245.6,224.9,Card,Express,5,No
O0311,2025-08-16,C002,P001,3,204,0.15 ,520.2,440.64,79.56,Cash,Express,7,Yes
O0312,2025-01-19,C010,P006,5,887,0.15 ,3769.75,3193.2,576.55,UPI,Standard,6,No
O0313,2025-07-21,C030,P028,5,579,0,2895.0,2084.4,810.6,UPI,Express,5,Yes
O0314,2025-06-09,C017,P019,5,94,0.05,446.5,338.4,108.1,Card,Express,6,No
O0315,2025-06-19,C074,P015,4,412,0.1,1483.2,1186.56,296.64,Card,Express,5,No
O0316,2025-06-20,C030,P001,2,520,0,1040.0,748.8,291.2,Cash,Standard,6,Yes
O0317,2025-05-20,C050,P009,1,562,0.1,505.8,404.64,101.16,UPI,Standard,6,Yes
O0318,2025-10-15,C013,P028,2,842,0.15 ,1431.4,1212.48,218.92,Cash,Standard,3,No
O0319,2025-05-02,C019,P022,1,361,0.1,324.9,259.92,64.98,Cash,Express,5,Yes
O0320,29/06/2025,C071,P023,4,392,0,1568.0,1128.96,439.04,Cash,Express,6,No
O0321,2025-09-04,C065,P012,2,878,0.05,1668.2,1264.32,403.88,UPI,Standard,2,Yes
O0322,2025-01-04,C059,P013,4,455,0.1,1638.0,1310.4,327.6,Card,Standard,2,No
O0323,2025-06-07,C033,P024,5,614,0.1,2763.0,2210.4,552.6,Card,Standard,5,Yes
O0324,2025-10-27,C023,P010,5,411,0.15 ,1746.75,1479.6,267.15,UPI,Express,6,Yes
O0325,2025-09-06,C041,P029,2,332,0.1,597.6,478.08,119.52, Card ,Standard,7,Yes
O0326,2025-11-17,C035,P008,1,273,0,273.0,196.56,76.44,UPI,Express,2,No
O0327,2025-09-14,C013,P007,2,801,0,1602.0,1153.44,448.56,Card,Standard,1,Yes
O0328,2025-10-22,C044,P024,2,55,0.05,104.5,79.2,-61.42,Cash,Standard,6,No
O0329,2025-01-15,C028,P011,3,938,0,2814.0,2026.08,787.92,Cash,Express,4,No
O0330,2025-03-31,C008,P028,4,865,0,3460.0,2491.2,968.8,Card,standard,7,No
O0331,2025-11-03,C052,P009,4,944,0,3776.0,2718.72,1057.28,Card,Express,5,No
O0332,2025-01-29,C054,P020,3,210,0,630.0,453.6,176.4,Card,Standard,2,Yes
O0333,2025-09-29,C012,P012,3,483,0.1,1304.1,1043.28,,Cash,Standard,6,No
O0334,2025-04-28,C080,P009,4,831,0,3324.0,2393.28,930.72,Cash,Express,6,No
O0335,2025-10-14,C036,P012,5,592,0.1,2664.0,2131.2,532.8,Card,Express,1,No
O0336,2025-02-21,C047,P005,2,460,0,920.0,662.4,257.6,Card,Standard,1,Yes
O0337,2025-10-06,C065,P007,5,846,0.05,4018.5,3045.6,972.9,UPI,Express,6,Yes
O0338,2025-04-01,C021,P017,1,409,0.05,388.55,294.48,94.07,UPI,Express,2,No
O0339,2025-07-19,C059,P007,3,858,0,2574.0,1853.28,720.72,Card,Standard,1,No
O0340,2025-12-12,C045,P002,2,627,0.15 ,1065.9,902.88,163.02,UPI,Express,6,Yes
O0341,2025-01-16,C033,P001,3,776,0.15 ,1978.8,1676.16,302.64,Card,Standard,3,Yes
O0342,2025-06-16,C055,P021,3,355,0.15 ,905.25,766.8,138.45,Card,Standard,4,No
O0343,2025-03-11,C039,P010,1,389,0,389.0,280.08,108.92,UPI,Standard,2,No
O0344,2025-12-16,C079,P020,4,267,0,1068.0,768.96,299.04,Card,Express,1,No
O0345,2025-04-04,C056,P028,2,354,0,708.0,509.76,198.24,Card,Standard,1,Yes
O0346,2025-06-04,C020,P017,3,149,0.05,424.65,321.84,102.81,UPI,Express,1,No
O0347,2025-06-23,C051,P029,3,966,0,2898.0,2086.56,811.44,Cash,Standard,2,Yes
O0348,2025-01-20,C018,P017,5,287,0.15 ,1219.75,1033.2,186.55,Cash,Standard,6,Yes
O0349,2025-01-25,C041,P003,1,173,0.15 ,147.05,124.56,22.49,Card,Express,1,Yes
O0350,2025-04-25,C070,P005,5,562,0,2810.0,2023.2,786.8, Card ,Express,7,No
O0351,2025-02-09,C045,P007,2,798,0,1596.0,1149.12,446.88,UPI,Standard,1,No
O0352,2025-05-18,C009,P005,1,251,0,251.0,180.72,70.28,UPI,Express,3,Yes
O0353,2025-06-16,C006,P021,4,607,0.1,2185.2,1748.16,437.04,Cash,Express,6,No
O0354,2025-05-18,C052,P014,3,602,0.15 ,1535.1,1300.32,234.78,UPI,Standard,4,No
O0355,2025-07-29,C019,P029,1,294,0.1,264.6,211.68,52.92,Cash,Express,2,Yes
O0356,2025-12-06,C015,P003,5,852,0,4260.0,3067.2,1192.8,Cash,Standard,4,No
O0357,2025-12-17,C057,P018,3,516,0,1548.0,1114.56,433.44,UPI,Express,5,No
O0358,2025-10-31,C070,P013,2,894,0.15 ,1519.8,1287.36,232.44,UPI,Standard,4,No
O0359,2025-11-10,C042,P003,5,730,0.05,3467.5,2628.0,839.5,Cash,Express,3,No
O0360,28/06/2025,C067,P019,4,634,0.05,2409.2,1825.92,583.28,Card,standard,7,No
O0361,2025-09-26,C027,P017,2,882,0.1,1587.6,1270.08,317.52,Card,Standard,2,No
O0362,2025-04-01,C006,P011,4,420,0.15 ,1428.0,1209.6,218.4,Card,Express,2,No
O0363,2025-07-12,C014,P012,3,728,0.1,1965.6,1572.48,393.12,UPI,Standard,3,No
O0364,2025-05-29,C058,P023,1,510,0.15 ,433.5,367.2,66.3,Cash,Standard,7,Yes
O0365,2025-01-04,C017,P012,4,583,0.05,2215.4,1679.04,536.36,Cash,Express,5,No
O0366,2025-07-15,C033,P001,5,255,0,1275.0,918.0,357.0,Cash,Express,1,Yes
O0367,2025-06-06,C070,P009,3,311,0.05,886.35,671.76,214.59,UPI,Express,1,No
O0368,2025-02-15,C026,P005,4,861,0.1,3099.6,2479.68,619.92,Cash,Express,1,No
O0369,2025-07-12,C047,P002,3,467,0.15 ,1190.85,1008.72,-133.16,UPI,Express,2,No
O0370,2025-10-24,C017,P030,5,246,0.1,1107.0,885.6,,Card,Standard,3,Yes
O0371,2025-02-10,C058,P013,4,588,0.15 ,1999.2,1693.44,305.76,UPI,Standard,1,No
O0372,2025-08-25,C056,P014,4,230,0,920.0,662.4,257.6,UPI,Express,4,Yes
O0373,2025-09-20,C002,P022,2,808,0.05,1535.2,1163.52,371.68,UPI,Standard,6,No
O0374,2025-10-11,C043,P025,4,838,0.15 ,2849.2,2413.44,435.76,Card,Standard,2,Yes
O0375,2025-10-20,C002,P004,4,140,0.05,532.0,403.2,128.8, Card ,Express,1,Yes
O0376,2025-12-31,C043,P016,1,613,0.15 ,521.05,441.36,79.69,Cash,Standard,4,Yes
O0377,2025-11-17,C019,P011,3,244,0,732.0,527.04,204.96,Card,Express,5,No
O0378,2025-02-14,C041,P013,3,729,0.1,1968.3,1574.64,393.66,Cash,Express,5,No
O0379,2025-12-15,C007,P010,3,304,0.15 ,775.2,656.64,118.56,UPI,Express,3,Yes
O0380,2025-03-09,C007,P007,5,717,0.1,3226.5,2581.2,645.3,UPI,Express,6,Yes
O0381,2025-07-07,C044,P007,4,991,0,3964.0,2854.08,1109.92,Cash,Express,1,Yes
O0382,2025-07-29,C073,P027,3,86,0.1,232.2,185.76,46.44,Card,Express,3,Yes
O0383,2025-12-30,C027,P026,5,675,0.15 ,2868.75,2430.0,438.75,UPI,Express,2,Yes
O0384,2025-01-30,C024,P014,1,100,0.05,95.0,72.0,23.0,Card,Express,2,Yes
O0385,2025-10-15,C022,P016,2,740,0.1,1332.0,1065.6,266.4,Card,Standard,2,Yes
O0386,2025-09-22,C013,P015,1,256,0,256.0,184.32,71.68,Card,Express,2,No
O0387,2025-12-28,C057,P022,4,208,0,832.0,599.04,232.96,Cash,Standard,1,Yes
O0388,2025-08-17,C038,P025,2,945,0.1,1701.0,1360.8,340.2,Cash,Standard,3,No
O0389,2025-06-16,C071,P027,2,205,0.05,389.5,295.2,94.3,UPI,Standard,3,No
O0390,2025-03-21,C038,P008,5,760,0,3800.0,2736.0,1064.0,Card,standard,2,Yes
O0391,2025-08-09,C043,P022,4,167,0,668.0,480.96,187.04,UPI,Standard,6,Yes
O0392,2025-12-02,C068,P017,1,347,0.15 ,294.95,249.84,45.11,UPI,Standard,7,No
O0393,2025-02-17,C026,P016,3,934,0.1,2521.8,2017.44,504.36,Cash,Standard,2,Yes
O0394,2025-08-29,C035,P025,2,642,0.1,1155.6,924.48,231.12,Card,Standard,1,No
O0395,2025-04-10,C020,P022,3,101,0.05,287.85,218.16,69.69,UPI,Express,4,No
O0396,2025-05-07,C043,P024,3,233,0,699.0,503.28,195.72,UPI,Standard,6,No
O0397,2025-02-18,C071,P004,2,659,0.15 ,1120.3,948.96,171.34,UPI,Standard,1,Yes
O0398,2025-09-20,C075,P004,4,712,0.05,2705.6,2050.56,655.04,UPI,Express,1,No
O0399,2025-12-06,C021,P012,2,728,0,1456.0,1048.32,407.68,UPI,Standard,7,No
O0400,05/06/2025,C020,P009,1,159,0.05,151.05,114.48,36.57, Card ,Standard,4,No
O0401,2025-10-02,C070,P004,3,529,0.05,1507.65,1142.64,365.01,Card,Standard,5,No
O0402,2025-07-07,C026,P010,4,618,0.05,2348.4,1779.84,568.56,Card,Standard,6,Yes
O0403,2025-02-18,C002,P004,1,550,0.05,522.5,396.0,126.5,Cash,Standard,1,Yes
O0404,2025-03-20,C034,P001,4,452,0,1808.0,1301.76,506.24,UPI,Standard,1,Yes
O0405,2025-04-30,C032,P020,5,777,0,3885.0,2797.2,1087.8,Card,Standard,5,No
O0406,2025-02-20,C006,P007,5,841,0.05,3994.75,3027.6,967.15,UPI,Express,1,No
O0407,2025-10-31,C024,P001,3,471,0.15 ,1201.05,1017.36,,Card,Standard,7,Yes
O0408,2025-03-17,C066,P022,2,204,0.1,367.2,293.76,73.44,Card,Standard,2,Yes
O0409,2025-12-18,C043,P023,1,52,0.15 ,44.2,37.44,6.76,Card,Express,5,No
O0410,2025-02-05,C078,P021,1,253,0,253.0,182.16,-170.69,UPI,Standard,6,No
O0411,2025-10-26,C021,P026,4,738,0.15 ,2509.2,2125.44,383.76,Card,Express,7,No
O0412,2025-01-28,C060,P027,5,218,0.15 ,926.5,784.8,141.7,UPI,Express,6,Yes
O0413,2025-02-04,C033,P025,2,295,0.05,560.5,424.8,135.7,Cash,Express,5,Yes
O0414,2025-09-10,C074,P030,1,451,0.15 ,383.35,324.72,58.63,Cash,Express,7,No
O0415,2025-07-27,C012,P008,3,729,0.15 ,1858.95,1574.64,284.31,UPI,Standard,3,No
O0416,2025-11-06,C003,P005,1,949,0.15 ,806.65,683.28,123.37,UPI,Express,5,No
O0417,2025-08-23,C019,P011,5,268,0,1340.0,964.8,375.2,UPI,Express,7,No
O0418,2025-11-14,C005,P010,3,140,0.1,378.0,302.4,75.6,Card,Express,4,Yes
O0419,2025-03-03,C028,P022,1,434,0.05,412.3,312.48,99.82,UPI,Express,3,Yes
O0420,2025-07-05,C022,P008,3,961,0.15 ,2450.55,2075.76,374.79,UPI,standard,3,Yes
O0421,2025-03-25,C051,P017,1,50,0.05,47.5,36.0,11.5,Card,Standard,4,No
O0422,2025-06-30,C013,P018,5,732,0.15 ,3111.0,2635.2,475.8,Card,Express,6,No
O0423,2025-02-08,C066,P020,3,504,0.1,1360.8,1088.64,272.16,UPI,Express,3,No
O0424,2025-09-25,C008,P030,4,555,0.1,1998.0,1598.4,399.6,Cash,Standard,1,Yes
O0425,2025-10-13,C049,P015,3,819,0.05,2334.15,1769.04,565.11, Card ,Express,1,No
O0426,2025-09-05,C018,P001,3,197,0.05,561.45,425.52,135.93,Cash,Standard,4,Yes
O0427,2025-10-29,C036,P021,2,348,0,696.0,501.12,194.88,UPI,Express,6,Yes
O0428,2025-12-13,C049,P016,3,757,0.1,2043.9,1635.12,408.78,UPI,Standard,7,No
O0429,2025-01-25,C069,P012,2,255,0,510.0,367.2,142.8,Card,Express,6,Yes
O0430,2025-12-15,C040,P030,1,651,0.1,585.9,468.72,117.18,UPI,Express,6,Yes
O0431,2025-05-20,C040,P029,4,252,0.1,907.2,725.76,181.44,UPI,Express,1,No
O0432,2025-07-05,C051,P011,4,862,0.15 ,2930.8,2482.56,448.24,UPI,Standard,2,No
O0433,2025-09-14,C053,P021,2,847,0.1,1524.6,1219.68,304.92,Card,Standard,3,No
O0434,2025-12-05,C072,P028,4,820,0,3280.0,2361.6,918.4,UPI,Express,3,No
O0435,2025-09-29,C037,P028,1,315,0.15 ,267.75,226.8,40.95,Card,Standard,5,No
O0436,2025-07-01,C078,P005,3,321,0.05,914.85,693.36,221.49,Card,Standard,7,No
O0437,2025-12-31,C015,P030,3,219,0.05,624.15,473.04,151.11,Cash,Standard,7,No
O0438,2025-07-21,C044,P013,4,561,0.1,2019.6,1615.68,403.92,UPI,Standard,6,Yes
O0439,2025-09-30,C067,P014,3,186,0.05,530.1,401.76,128.34,UPI,Standard,4,Yes
O0440,15/09/2025,C001,P028,5,733,0.05,3481.75,2638.8,842.95,Cash,Express,4,Yes
O0441,2025-10-21,C036,P026,2,204,0.05,387.6,293.76,93.84,Cash,Standard,5,Yes
O0442,2025-05-25,C005,P024,4,949,0.1,3416.4,2733.12,683.28,Card,Express,5,No
O0443,2025-12-31,C009,P025,5,669,0.1,3010.5,2408.4,602.1,Cash,Standard,2,No
O0444,2025-02-18,C047,P022,5,959,0,4795.0,3452.4,,UPI,Standard,6,Yes
O0445,2025-03-04,C042,P007,1,518,0.05,492.1,372.96,119.14,UPI,Express,5,Yes
O0446,2025-08-17,C076,P018,5,876,0,4380.0,3153.6,1226.4,Card,Express,1,No
O0447,2025-04-25,C038,P021,3,388,0.05,1105.8,838.08,267.72,Card,Standard,3,Yes
O0448,2025-04-25,C023,P001,5,324,0.15 ,1377.0,1166.4,210.6,UPI,Standard,6,No
O0449,2025-02-15,C075,P004,4,449,0.15 ,1526.6,1293.12,233.48,Card,Standard,7,No
O0450,2025-09-30,C043,P022,3,123,0.15 ,313.65,265.68,47.97, Card ,standard,4,No
O0451,2025-12-16,C080,P015,2,399,0.05,758.1,574.56,-31.26,Card,Express,7,Yes
O0452,2025-02-09,C067,P001,4,846,0.05,3214.8,2436.48,778.32,Cash,Standard,7,No
O0453,2025-04-14,C072,P025,3,815,0,2445.0,1760.4,684.6,Cash,Standard,1,No
O0454,2025-04-16,C054,P001,5,320,0.1,1440.0,1152.0,288.0,Cash,Standard,5,No
O0455,2025-07-01,C040,P004,1,807,0.05,766.65,581.04,185.61,Cash,Express,4,Yes
O0456,2025-08-21,C014,P011,1,928,0.05,881.6,668.16,213.44,UPI,Express,4,Yes
O0457,2025-06-22,C041,P016,2,920,0,1840.0,1324.8,515.2,Cash,Express,5,No
O0458,2025-04-18,C046,P009,1,980,0.05,931.0,705.6,225.4,Cash,Express,7,No
O0459,2025-07-16,C021,P026,4,187,0.05,710.6,538.56,172.04,Card,Standard,2,No
O0460,2025-01-15,C002,P027,1,524,0,524.0,377.28,146.72,Card,Standard,7,No
O0461,2025-06-23,C080,P018,4,546,0.05,2074.8,1572.48,502.32,Card,Standard,2,No
O0462,2025-07-15,C014,P004,5,948,0.05,4503.0,3412.8,1090.2,Card,Express,4,No
O0463,2025-02-04,C073,P024,1,932,0.15 ,792.2,671.04,121.16,Card,Express,6,Yes
O0464,2025-11-29,C061,P023,4,670,0.05,2546.0,1929.6,616.4,Card,Express,5,No
O0465,2025-02-02,C031,P026,2,55,0.15 ,93.5,79.2,14.3,Cash,Standard,6,Yes
O0466,2025-05-05,C013,P030,2,871,0,1742.0,1254.24,487.76,Card,Express,1,No
O0467,2025-05-04,C029,P025,1,619,0.15 ,526.15,445.68,80.47,UPI,Standard,2,No
O0468,2025-01-10,C062,P025,1,827,0,827.0,595.44,231.56,Card,Standard,7,Yes
O0469,2025-11-12,C066,P011,1,572,0.15 ,486.2,411.84,74.36,Card,Standard,7,Yes
O0470,2025-10-12,C011,P017,5,684,0,3420.0,2462.4,957.6,Cash,Standard,6,No
O0471,2025-08-23,C051,P022,1,623,0.05,591.85,448.56,143.29,Card,Standard,7,No
O0472,2025-04-17,C016,P023,2,737,0.15 ,1252.9,1061.28,191.62,Card,Standard,5,No
O0473,2025-12-13,C013,P003,2,920,0,1840.0,1324.8,515.2,Card,Express,3,No
O0474,2025-06-08,C038,P005,4,670,0.1,2412.0,1929.6,482.4,Card,Standard,1,Yes
O0475,2025-01-23,C015,P022,5,269,0.15 ,1143.25,968.4,174.85, Card ,Express,5,Yes
O0476,2025-02-10,C003,P027,1,783,0,783.0,563.76,219.24,Cash,Standard,7,No
O0477,2025-01-29,C024,P020,3,502,0.1,1355.4,1084.32,271.08,Cash,Standard,3,No
O0478,2025-06-28,C004,P011,4,146,0.05,554.8,420.48,134.32,UPI,Standard,6,No
O0479,2025-11-16,C042,P009,2,63,0.15 ,107.1,90.72,16.38,Cash,Standard,3,Yes
O0480,06/10/2025,C046,P030,3,51,0.05,145.35,110.16,35.19,UPI,standard,5,Yes
O0481,2025-02-23,C005,P027,3,485,0.1,1309.5,1047.6,,UPI,Standard,5,Yes
O0482,2025-08-23,C021,P007,5,104,0.05,494.0,374.4,119.6,UPI,Standard,6,Yes
O0483,2025-04-22,C037,P025,1,781,0.1,702.9,562.32,140.58,UPI,Standard,2,No
O0484,2025-11-11,C022,P023,3,821,0.15 ,2093.55,1773.36,320.19,Card,Express,3,Yes
O0485,2025-02-16,C027,P021,3,683,0.05,1946.55,1475.28,471.27,Cash,Standard,5,Yes
O0486,2025-12-22,C051,P010,1,115,0,115.0,82.8,32.2,Cash,Standard,1,No
O0487,2025-02-08,C019,P018,1,789,0.15 ,670.65,568.08,102.57,Cash,Express,7,No
O0488,2025-04-02,C013,P009,3,454,0.15 ,1157.7,980.64,177.06,Cash,Standard,4,Yes
O0489,2025-08-24,C044,P011,2,81,0.15 ,137.7,116.64,21.06,Card,Standard,7,Yes
O0490,2025-06-29,C043,P009,5,60,0.05,285.0,216.0,69.0,Card,Standard,2,No
O0491,2025-12-05,C034,P006,1,197,0.15 ,167.45,141.84,25.61,Card,Standard,4,No
O0492,2025-11-30,C012,P019,5,278,0,1390.0,1000.8,-22.31,Card,Express,7,Yes
O0493,2025-07-01,C047,P018,2,191,0.1,343.8,275.04,68.76,Cash,Express,3,No
O0494,2025-03-27,C067,P022,1,943,0.05,895.85,678.96,216.89,Card,Express,7,No
O0495,2025-01-16,C029,P021,2,957,0.05,1818.3,1378.08,440.22,UPI,Express,2,No
O0496,2025-05-15,C001,P002,1,729,0.15 ,619.65,524.88,94.77,UPI,Standard,3,Yes
O0497,2025-08-30,C057,P016,1,162,0.15 ,137.7,116.64,21.06,Cash,Express,1,No
O0498,2025-03-02,C063,P016,2,981,0.05,1863.9,1412.64,451.26,UPI,Express,1,Yes
O0499,2025-04-08,C009,P009,3,504,0.15 ,1285.2,1088.64,196.56,Card,Express,5,Yes
O0500,2025-02-06,C066,P008,4,812,0.05,3085.6,2338.56,747.04, Card ,Express,1,Yes
O0021,2025-11-23,C047,P005,1,435,0.15 ,369.75,313.2,56.55,Cash,Standard,6,Yes
O0056,2025-08-02,C008,P005,5,199,0.15 ,845.75,716.4,129.35,Card,Standard,1,Yes
